lead_id,company,industry,employees,source,title_level,web_visits,pricing_views,email_open_rate,demo_requested,days_since_activity,message,converted,icp_fit,text_intent,source_score,log_employees,p_convert,score,tier,next_action
L0653,Manufacturing Corp 4,manufacturing,292.0,organic,3.0,6,6,0.33,1,9.0,need pricing; implement this quarter; request demo,1,0.7222264169069086,0.38971037850551565,0.3,5.676753802268282,0.9623614394915873,96,hot,Assign to AE: call within 24h
L0027,Logistics Corp 186,logistics,104.0,paid,1.0,5,8,0.31,1,21.0,request demo; newsletter; ready to buy,1,0.7126413894366336,0.29747721789236736,0.0,4.6443908991413725,0.9615969859059873,96,hot,Assign to AE: call within 24h
L1310,Manufacturing Corp 286,manufacturing,166.0,paid,1.0,9,6,0.47,1,5.0,compare vendors; budget approved; need pricing,1,0.6028835702837866,0.33634404276383856,0.0,5.111987788356544,0.9553694446776931,96,hot,Assign to AE: call within 24h
L1398,Retail Corp 378,retail,35.0,organic,1.0,11,9,0.46,1,34.0,implement this quarter; ready to buy; need pricing,1,0.23484387974475865,0.4414039856973468,0.3,3.5553480614894135,0.9533036998932048,95,hot,Assign to AE: call within 24h
L1003,Logistics Corp 133,logistics,126.0,organic,1.0,7,4,0.49,1,3.0,implement this quarter; need pricing; ready to buy,1,0.7266065480708722,0.4485210247882872,0.3,4.836281906951478,0.9377092528894032,94,hot,Assign to AE: call within 24h
L1220,Logistics Corp 85,logistics,10.0,organic,1.0,9,6,0.46,1,0.0,request demo; ready to buy; compare vendors,1,0.21325067310000378,0.5344334210977093,0.3,2.302585092994046,0.9233693820784952,92,hot,Assign to AE: call within 24h
L0754,Fintech Corp 341,fintech,86.0,organic,1.0,9,6,0.3,1,0.0,compare vendors; implement this quarter; budget approved,1,0.36241433684355956,0.38314190788635516,0.3,4.454347296253507,0.9248086102020315,92,hot,Assign to AE: call within 24h
L0914,Healthcare Corp 42,healthcare,209.0,webinar,1.0,8,5,0.64,1,8.0,ready to buy; budget approved; student project,1,0.35543745565605517,0.4256703712310784,0.6,5.342334251964811,0.9060906044982474,91,hot,Assign to AE: call within 24h
L1002,Logistics Corp 346,logistics,115.0,organic,0.0,6,6,0.28,1,19.0,request demo; ready to buy; compare vendors,1,0.5467088026855519,0.5344334210977093,0.3,4.74493212836325,0.908866621096886,91,hot,Assign to AE: call within 24h
L0139,Logistics Corp 140,logistics,113.0,referral,1.0,5,3,0.55,1,4.0,compare vendors; need pricing; ready to buy,1,0.7204251929680334,0.3983134787387387,1.0,4.727387818712341,0.9131203996169855,91,hot,Assign to AE: call within 24h
L0931,Manufacturing Corp 33,manufacturing,193.0,cold_list,1.0,9,5,0.38,1,17.0,request demo; ready to buy; implement this quarter,1,0.5965844238681169,0.5739141272930183,-0.6,5.262690188904886,0.8999606032602967,90,hot,Assign to AE: call within 24h
L0832,Manufacturing Corp 2,manufacturing,92.0,organic,1.0,7,5,0.3,1,12.0,compare vendors; request demo; need pricing,1,0.5678835523248928,0.34002657031383426,0.3,4.5217885770490405,0.8911012236620127,89,hot,Assign to AE: call within 24h
L1030,Retail Corp 94,retail,56.0,paid,3.0,3,5,0.44,1,3.0,need pricing; budget approved; ready to buy,1,0.5425458136175166,0.38819620735006954,0.0,4.02535169073515,0.894651773750882,89,hot,Assign to AE: call within 24h
L1327,Retail Corp 148,retail,48.0,webinar,0.0,6,6,0.71,1,7.0,implement this quarter; need pricing; request demo,1,0.12085011236920348,0.5321270271306037,0.6,3.871201010907891,0.8780584089236821,88,hot,Assign to AE: call within 24h
L0053,Fintech Corp 46,fintech,467.0,organic,2.0,4,5,0.41,1,1.0,request demo; compare vendors; budget approved,1,0.4879310372826257,0.3285323116243345,0.3,6.1463292576688975,0.8809649854004998,88,hot,Assign to AE: call within 24h
L1749,Retail Corp 387,retail,196.0,paid,1.0,9,3,0.44,1,2.0,budget approved; implement this quarter; compare vendors,1,0.4603098578921078,0.6740935974626449,0.0,5.278114659230517,0.8557139155832278,86,hot,Assign to AE: call within 24h
L1627,Logistics Corp 64,logistics,110.0,webinar,0.0,5,4,0.18,1,5.0,budget approved; request demo; ready to buy,1,0.5425407111591555,0.540181985605132,0.6,4.700480365792417,0.8480434016461746,85,hot,Assign to AE: call within 24h
L0758,Logistics Corp 368,logistics,23.0,organic,3.0,6,7,0.37,0,2.0,implement this quarter; request demo; budget approved,1,0.5419543532422098,0.38346788205072124,0.3,3.1354942159291497,0.854303090603063,85,hot,Assign to AE: book demo
L0545,Retail Corp 358,retail,204.0,webinar,3.0,6,6,0.55,0,10.0,budget approved; need pricing; ready to buy,0,0.6431957849903924,0.3990841713207663,0.6,5.318119993844216,0.8465920020368082,85,hot,Assign to AE: book demo
L0780,Manufacturing Corp 69,manufacturing,59.0,cold_list,2.0,6,5,0.28,1,15.0,implement this quarter; need pricing; budget approved,1,0.595895581203355,0.3912990235475578,-0.6,4.07753744390572,0.8503228482219739,85,hot,Assign to AE: call within 24h
L1274,Logistics Corp 366,logistics,15.0,referral,3.0,6,6,0.56,0,2.0,implement this quarter; need pricing; ready to buy,1,0.45473918889089937,0.4485210247882872,1.0,2.70805020110221,0.8448767988890925,84,hot,Assign to AE: book demo
L1789,Logistics Corp 293,logistics,3788.0,organic,2.0,4,5,0.16,1,2.0,implement this quarter; need pricing; budget approved,1,0.4748256516413873,0.3912990235475578,0.3,8.239593454305968,0.8427326760494144,84,hot,Assign to AE: call within 24h
L1392,Logistics Corp 253,logistics,125.0,paid,2.0,8,2,0.26,1,10.0,send brochure; implement this quarter; budget approved,1,0.8159502572927543,0.29098738396540513,0.0,4.8283137373023015,0.8222360001782235,82,hot,Assign to AE: call within 24h
L0719,Healthcare Corp 250,healthcare,73.0,webinar,1.0,7,5,0.2,1,6.0,need pricing; ready to buy; request demo,1,0.26430276494399163,0.38856551258177474,0.6,4.290459441148391,0.8100962654128522,81,hot,Assign to AE: call within 24h
L1641,Logistics Corp 154,logistics,102.0,organic,0.0,5,5,0.58,1,42.0,request demo; ready to buy; need pricing,1,0.5339756044074014,0.5374629423147007,0.3,4.624972813284271,0.8078280948426987,81,hot,Assign to AE: call within 24h
L0397,Manufacturing Corp 289,manufacturing,95.0,organic,1.0,4,3,0.27,1,1.0,request demo; budget approved; implement this quarter,1,0.5725493218406945,0.5265318292772782,0.3,4.553876891600541,0.8050983459160003,81,hot,Assign to AE: call within 24h
L1929,Retail Corp 261,retail,37.0,webinar,3.0,7,3,0.22,1,3.0,budget approved; need pricing; compare vendors,0,0.46611775172980335,0.3347862140730933,0.6,3.6109179126442243,0.8074462168260741,81,hot,Assign to AE: call within 24h
L0491,Fintech Corp 355,fintech,109.0,referral,2.0,3,3,0.47,1,3.0,send brochure; budget approved; ready to buy,1,0.5239130527519242,0.2835395624121044,1.0,4.6913478822291435,0.8105398631500611,81,hot,Assign to AE: call within 24h
L0662,Logistics Corp 388,logistics,333.0,webinar,2.0,5,3,0.4,1,30.0,request demo; compare vendors; need pricing,1,0.7384773623361091,0.33367929783464745,0.6,5.808142489980444,0.7937739154240442,79,hot,Assign to AE: call within 24h
L1165,Education Corp 173,education,153.0,organic,2.0,8,2,0.52,1,1.0,budget approved; ready to buy; compare vendors,1,0.48079145394859574,0.38412266270083967,0.3,5.030437921392435,0.78570682094996,79,hot,Assign to AE: call within 24h
L0461,Logistics Corp 119,logistics,38.0,organic,2.0,4,6,0.48,0,1.0,request demo; need pricing; ready to buy,1,0.5894391347962672,0.3990891784066599,0.3,3.6375861597263857,0.7882331685461662,79,hot,Assign to AE: book demo
L1200,Retail Corp 258,retail,36.0,paid,1.0,4,6,0.25,1,13.0,implement this quarter; compare vendors; ready to buy,1,0.240041254120402,0.577864608172386,0.0,3.58351893845611,0.794013248152307,79,hot,Assign to AE: call within 24h
L0378,Manufacturing Corp 346,manufacturing,95.0,webinar,1.0,6,4,0.46,1,32.0,general information; implement this quarter; budget approved,1,0.5725493218406945,0.28500420764037593,0.6,4.553876891600541,0.7827790320269075,78,hot,Assign to AE: call within 24h
L1685,Manufacturing Corp 74,manufacturing,92.0,webinar,2.0,6,2,0.11,1,6.0,general information; need pricing; request demo,0,0.6768511843161217,0.3763593060156414,0.6,4.5217885770490405,0.7767024725204029,78,hot,Assign to AE: call within 24h
L1199,Fintech Corp 97,fintech,45.0,referral,2.0,11,3,0.31,1,25.0,budget approved; ready to buy; compare vendors,1,0.3802789860794242,0.38412266270083967,1.0,3.8066624897703196,0.7759306023671779,78,hot,Assign to AE: call within 24h
L1476,Retail Corp 158,retail,110.0,cold_list,0.0,6,5,0.49,1,0.0,ready to buy; budget approved; compare vendors,1,0.24856267587980774,0.5283935404056097,-0.6,4.700480365792417,0.7817108287557445,78,hot,Assign to AE: call within 24h
L1115,Logistics Corp 321,logistics,304.0,paid,1.0,8,5,0.13,1,62.0,ready to buy; budget approved; implement this quarter,1,0.6580056323078819,0.7057833392788792,0.0,5.717027701406222,0.7741270941255315,77,hot,Assign to AE: call within 24h
L0684,Fintech Corp 114,fintech,46.0,webinar,2.0,5,3,0.32,1,0.0,budget approved; ready to buy; implement this quarter,1,0.38461677054741406,0.4326983587992612,0.6,3.828641396489095,0.7658762150638823,77,hot,Assign to AE: call within 24h
L1317,Logistics Corp 317,logistics,79.0,organic,0.0,5,4,0.15,1,4.0,compare vendors; ready to buy; request demo,1,0.4922647266371786,0.3822122755375657,0.3,4.3694478524670215,0.7748520809303747,77,hot,Assign to AE: call within 24h
L1099,Logistics Corp 206,logistics,55.0,cold_list,2.0,4,2,0.66,1,1.0,need pricing; budget approved; compare vendors,1,0.6857056278628371,0.3357285792834681,-0.6,4.007333185232471,0.7687128344570268,77,hot,Assign to AE: call within 24h
L0518,Logistics Corp 114,logistics,213.0,referral,1.0,6,1,0.52,1,20.0,compare vendors; budget approved; implement this quarter,1,0.7026915241662259,0.5297834288014925,1.0,5.3612921657094255,0.7698332218344764,77,hot,Assign to AE: call within 24h
L0592,Manufacturing Corp 191,manufacturing,1376.0,referral,2.0,6,4,0.11,1,26.0,budget approved; need pricing; implement this quarter,1,0.5000991546674787,0.3946599439965887,1.0,7.226936018493289,0.7663459044978624,77,hot,Assign to AE: call within 24h
L1280,Manufacturing Corp 189,manufacturing,92.0,organic,1.0,8,6,0.34,0,2.0,curious about ai; need pricing; implement this quarter,1,0.5678835523248928,0.2777132464069643,0.3,4.5217885770490405,0.7699361659958693,77,hot,Assign to AE: book demo
L0309,Logistics Corp 117,logistics,185.0,organic,1.0,2,3,0.22,1,11.0,need pricing; ready to buy; implement this quarter,1,0.7160367707567308,0.4422358072401896,0.3,5.220355825078324,0.7675229109414036,77,hot,Assign to AE: call within 24h
L0265,Logistics Corp 18,logistics,112.0,referral,1.0,6,2,0.34,1,17.0,need pricing; budget approved; curious about ai,1,0.7197191404345671,0.21272365120138362,1.0,4.718498871295094,0.769895969943899,77,hot,Assign to AE: call within 24h
L0193,Education Corp 366,education,62.0,organic,0.0,10,5,0.49,1,5.0,compare vendors; budget approved; request demo,1,0.045943918778099745,0.33482592639893966,0.3,4.127134385045092,0.758821627953183,76,hot,Assign to AE: call within 24h
L1498,Manufacturing Corp 103,manufacturing,254.0,paid,0.0,7,4,0.27,1,13.0,budget approved; implement this quarter; request demo,1,0.4220324680701168,0.5265318292772782,0.0,5.537334267018537,0.7551501037677537,76,hot,Assign to AE: call within 24h
L0873,Manufacturing Corp 268,manufacturing,11.0,webinar,1.0,9,8,0.27,0,12.0,need pricing; ready to buy; budget approved,1,0.1583408896072794,0.5296806057329672,0.6,2.3978952727983707,0.7569445955037521,76,hot,Assign to AE: book demo
L1974,Logistics Corp 327,logistics,37.0,cold_list,1.0,5,4,0.54,1,14.0,compare vendors; need pricing; request demo,1,0.4719673607256229,0.48650585785553624,-0.6,3.6109179126442243,0.7619487012907834,76,hot,Assign to AE: call within 24h
L1095,Manufacturing Corp 239,manufacturing,363.0,organic,2.0,7,3,0.9,1,51.0,request demo; need pricing; budget approved,1,0.6393316975135139,0.33687569048725463,0.3,5.8944028342648505,0.7502930438853986,75,hot,Assign to AE: call within 24h
